[
  {
    "text": "Home",
    "url": "/",
    "icon": "fa-home",
    "layout": "post"
  },
  {
    "text": "About",
    "url": "/about/",
    "icon": "fa-comments"
  },
  {
    "text": "Projects",
    "url": "/projects",
    "icon": "fa-desktop"
  },
  {
    "text": "Resume",
    "url": "/#",
    "icon": "fa-graduation-cap",
  },
  {
    "text": "Github",
    "url": "/#",
    "icon": "fa-github"
  },
  {
    "text": "XML Feed",
    "url": "/feed.xml",
    "icon": "fa-feed",
    "target": _blank
  }
]
